aroma;includ;['0', '13'];0.006589305680385262
includ;tropic;['0', '34'];0.006589305680385262
tropic;fruit;['0', '34', '43'];0.008638927482374728
fruit;broom;['0'];0.004004117712823077
broom;brimston;['0'];0.004004117712823077
brimston;dri;['0'];0.004004117712823077
dri;herb;['0'];0.004004117712823077
palat;overli;['0'];0.004004117712823077
overli;express;['0'];0.004004117712823077
express;offer;['0'];0.004004117712823077
offer;unripen;['0'];0.004004117712823077
unripen;appl;['0'];0.004004117712823077
appl;citru;['0'];0.004004117712823077
citru;dri;['0'];0.004004117712823077
dri;weedi;['0', '8'];0.006589305680385262
weedi;alongsid;['0'];0.004004117712823077
alongsid;brisk;['0'];0.004004117712823077
brisk;acid;['0'];0.004004117712823077
ripefruit;fruiti;['1'];0.004004117712823077
fruiti;wine;['1'];0.004004117712823077
wine;smooth;['1'];0.004004117712823077
smooth;still;['1'];0.004004117712823077
still;structur;['1'];0.004004117712823077
firm;tannin;['1'];0.004004117712823077
tannin;fill;['1'];0.004004117712823077
fill;ripefruit;['1'];0.004004117712823077
ripefruit;red;['1', '49'];0.006589305680385262
red;berri;['1', '16', '42'];0.008638927482374728
berri;fruit;['1', '17'];0.006589305680385262
fruit;freshen;['1'];0.004004117712823077
freshen;acid;['1'];0.004004117712823077
alreadi;drinkabl;['1'];0.004004117712823077
drinkabl;although;['1'];0.004004117712823077
although;certainli;['1'];0.004004117712823077
certainli;better;['1'];0.004004117712823077
tart;snappi;['2'];0.004004117712823077
snappi;flavor;['2'];0.004004117712823077
flavor;lime;['2'];0.004004117712823077
lime;flesh;['2'];0.004004117712823077
flesh;rind;['2'];0.004004117712823077
rind;domin;['2'];0.004004117712823077
weedi;pineappl;['2'];0.004004117712823077
pineappl;poke;['2'];0.004004117712823077
poke;crisp;['2'];0.004004117712823077
crisp;acid;['2', '26', '47'];0.008638927482374728
acid;underscor;['2'];0.004004117712823077
underscor;flavor;['2'];0.004004117712823077
wine;stainless;['2'];0.004004117712823077
stainless;steel;['2'];0.004004117712823077
steel;ferment;['2'];0.004004117712823077
pineappl;rind;['3'];0.004004117712823077
rind;lemon;['3'];0.004004117712823077
lemon;pith;['3'];0.004004117712823077
pith;zesti;['3'];0.004004117712823077
zesti;blossom;['3'];0.004004117712823077
blossom;start;['3'];0.004004117712823077
start;aroma;['3'];0.004004117712823077
palat;bit;['3'];0.004004117712823077
bit;opul;['3'];0.004004117712823077
opul;note;['3'];0.004004117712823077
note;honey;['3'];0.004004117712823077
honey;drizzl;['3'];0.004004117712823077
drizzl;guava;['3'];0.004004117712823077
guava;mango;['3'];0.004004117712823077
mango;give;['3'];0.004004117712823077
give;way;['3'];0.004004117712823077
way;slightli;['3'];0.004004117712823077
slightli;acid;['3'];0.004004117712823077
acid;semidri;['3'];0.004004117712823077
semidri;finish;['3'];0.004004117712823077
much;like;['4'];0.004004117712823077
like;regular;['4'];0.004004117712823077
regular;bottl;['4'];0.004004117712823077
bottl;come;['4'];0.004004117712823077
come;across;['4'];0.004004117712823077
across;rather;['4'];0.004004117712823077
rather;rough;['4'];0.004004117712823077
rough;tannic;['4'];0.004004117712823077
tannic;rustic;['4'];0.004004117712823077
rustic;earthi;['4'];0.004004117712823077
earthi;weedi;['4'];0.004004117712823077
weedi;characterist;['4'];0.004004117712823077
nonetheless;think;['4'];0.004004117712823077
think;pleasantli;['4'];0.004004117712823077
pleasantli;unfussi;['4'];0.004004117712823077
unfussi;countri;['4'];0.004004117712823077
countri;wine;['4'];0.004004117712823077
wine;good;['4'];0.004004117712823077
good;companion;['4'];0.004004117712823077
companion;hearti;['4'];0.004004117712823077
hearti;winter;['4'];0.004004117712823077
winter;stew;['4'];0.004004117712823077
darkfruit;raspberri;['5'];0.004004117712823077
raspberri;aroma;['5'];0.004004117712823077
aroma;show;['5'];0.004004117712823077
show;typic;['5'];0.004004117712823077
typic;navarran;['5'];0.004004117712823077
navarran;whiff;['5'];0.004004117712823077
whiff;weedi;['5'];0.004004117712823077
weedi;herb;['5'];0.004004117712823077
herb;case;['5'];0.004004117712823077
case;horseradish;['5'];0.004004117712823077
mouth;fairli;['5'];0.004004117712823077
fairli;full;['5'];0.004004117712823077
full;bodi;['5', '18', '25'];0.008638927482374728
bodi;tomatoey;['5'];0.004004117712823077
tomatoey;acid;['5'];0.004004117712823077
spice;weedi;['5'];0.004004117712823077
weedi;flavor;['5', '16'];0.006589305680385262
flavor;complement;['5'];0.004004117712823077
complement;dark;['5'];0.004004117712823077
dark;darkfruit;['5'];0.004004117712823077
darkfruit;fruit;['5', '18'];0.006589305680385262
fruit;finish;['5'];0.004004117712823077
finish;fresh;['5'];0.004004117712823077
fresh;grabbi;['5'];0.004004117712823077
spice;inform;['6'];0.004004117712823077
inform;red;['6'];0.004004117712823077
red;open;['6'];0.004004117712823077
open;aroma;['6'];0.004004117712823077
aroma;candi;['6'];0.004004117712823077
candi;berri;['6'];0.004004117712823077
berri;white;['6'];0.004004117712823077
white;spice;['6'];0.004004117712823077
spice;savori;['6'];0.004004117712823077
savori;herb;['6'];0.004004117712823077
herb;carri;['6'];0.004004117712823077
carri;palat;['6', '13'];0.006589305680385262
balanc;fresh;['6'];0.004004117712823077
fresh;acid;['6'];0.004004117712823077
acid;soft;['6'];0.004004117712823077
soft;tannin;['6'];0.004004117712823077
dri;restrain;['7'];0.004004117712823077
restrain;wine;['7'];0.004004117712823077
wine;offer;['7', '12'];0.006589305680385262
offer;spice;['7'];0.004004117712823077
spice;profus;['7'];0.004004117712823077
balanc;acid;['7', '9'];0.006589305680385262
acid;firm;['7'];0.004004117712823077
firm;textur;['7'];0.004004117712823077
textur;much;['7'];0.004004117712823077
much;food;['7'];0.004004117712823077
savori;dri;['8'];0.004004117712823077
weedi;note;['8'];0.004004117712823077
note;accent;['8'];0.004004117712823077
accent;sunnier;['8'];0.004004117712823077
sunnier;flavor;['8'];0.004004117712823077
flavor;preserv;['8'];0.004004117712823077
preserv;peach;['8'];0.004004117712823077
peach;brisk;['8'];0.004004117712823077
brisk;dri;['8'];0.004004117712823077
dri;wine;['8', '11'];0.006589305680385262
fruiti;fresh;['8'];0.004004117712823077
fresh;eleg;['8'];0.004004117712823077
eleg;sprightli;['8'];0.004004117712823077
sprightli;footprint;['8'];0.004004117712823077
great;depth;['9'];0.004004117712823077
depth;flavor;['9'];0.004004117712823077
flavor;fresh;['9'];0.004004117712823077
fresh;appl;['9'];0.004004117712823077
appl;pear;['9'];0.004004117712823077
pear;fruit;['9'];0.004004117712823077
fruit;touch;['9'];0.004004117712823077
touch;spice;['9'];0.004004117712823077
dri;balanc;['9'];0.004004117712823077
acid;crisp;['9'];0.004004117712823077
crisp;textur;['9'];0.004004117712823077
soft;suppl;['1', '0'];0.006589305680385262
suppl;darkfruit;['1', '0'];0.006589305680385262
darkfruit;envelop;['1', '0'];0.006589305680385262
envelop;oaki;['1', '0'];0.006589305680385262
oaki;structur;['1', '0'];0.006589305680385262
structur;cabernet;['1', '0'];0.006589305680385262
cabernet;support;['1', '0'];0.006589305680385262
support;merlot;['1', '0'];0.006589305680385262
coffe;chocol;['1', '0'];0.006589305680385262
chocol;complet;['1', '0'];0.006589305680385262
complet;pictur;['1', '0'];0.006589305680385262
pictur;finish;['1', '0'];0.006589305680385262
finish;strong;['1', '0'];0.006589305680385262
strong;end;['1', '0'];0.006589305680385262
end;result;['1', '0'];0.006589305680385262
result;valu;['1', '0'];0.006589305680385262
valu;price;['1', '0'];0.006589305680385262
price;wine;['1', '0'];0.006589305680385262
wine;attract;['1', '0'];0.006589305680385262
attract;flavor;['1', '0'];0.006589305680385262
flavor;immedi;['1', '0'];0.006589305680385262
immedi;access;['1', '0'];0.006589305680385262
wine;spice;['1', '1'];0.008008235425646154
spice;tight;['1', '1'];0.008008235425646154
tight;taut;['1', '1'];0.008008235425646154
taut;textur;['1', '1'];0.008008235425646154
textur;strongli;['1', '1'];0.008008235425646154
strongli;inorgan;['1', '1'];0.008008235425646154
inorgan;charact;['1', '1'];0.008008235425646154
charact;layer;['1', '1'];0.008008235425646154
layer;citru;['1', '1'];0.008008235425646154
citru;well;['1', '1'];0.008008235425646154
well;spice;['1', '1'];0.008008235425646154
food;wine;['1', '1'];0.008008235425646154
wine;almost;['1', '1'];0.008008235425646154
almost;crisp;['1', '1'];0.008008235425646154
crisp;aftertast;['1', '1'];0.008008235425646154
slightli;reduc;['1', '2'];0.006589305680385262
reduc;wine;['1', '2'];0.006589305680385262
offer;chalki;['1', '2'];0.006589305680385262
chalki;tannic;['1', '2'];0.006589305680385262
tannic;backbon;['1', '2'];0.006589305680385262
backbon;otherwis;['1', '2'];0.006589305680385262
otherwis;ripefruit;['1', '2'];0.006589305680385262
ripefruit;explos;['1', '2'];0.006589305680385262
explos;rich;['1', '2'];0.006589305680385262
rich;black;['1', '2'];0.006589305680385262
black;cherri;['1', '2', '17', '24'];0.010340751870248743
cherri;whole;['1', '2'];0.006589305680385262
whole;accent;['1', '2'];0.006589305680385262
accent;throughout;['1', '2'];0.006589305680385262
throughout;firm;['1', '2'];0.006589305680385262
firm;oak;['1', '2'];0.006589305680385262
oak;cigar;['1', '2'];0.006589305680385262
cigar;box;['1', '2', '19', '23'];0.010340751870248743
domin;oak;['1', '3'];0.006589305680385262
oak;oak;['1', '3'];0.006589305680385262
oak;driven;['1', '3', '20', '45'];0.010340751870248743
driven;aroma;['1', '3'];0.006589305680385262
includ;roast;['1', '3'];0.006589305680385262
roast;coffe;['1', '3', '24'];0.008638927482374728
coffe;bean;['1', '3', '24'];0.008638927482374728
bean;espresso;['1', '3'];0.006589305680385262
espresso;oaki;['1', '3', '28'];0.008638927482374728
oaki;oaki;['1', '3', '28', '45'];0.010340751870248743
oaki;carri;['1', '3'];0.006589305680385262
palat;togeth;['1', '3'];0.006589305680385262
togeth;darkfruit;['1', '3'];0.006589305680385262
darkfruit;chocol;['1', '3'];0.006589305680385262
acid;dri;['1', '3'];0.006589305680385262
dri;tannin;['1', '3', '24', '45'];0.010340751870248743
tannin;give;['1', '3', '30'];0.008638927482374728
give;rather;['1', '3'];0.006589305680385262
rather;abrupt;['1', '3'];0.006589305680385262
abrupt;finish;['1', '3'];0.006589305680385262
build;year;['1', '4'];0.006589305680385262
year;six;['1', '4'];0.006589305680385262
six;gener;['1', '4'];0.006589305680385262
gener;winemak;['1', '4'];0.006589305680385262
winemak;tradit;['1', '4'];0.006589305680385262
tradit;wineri;['1', '4'];0.006589305680385262
wineri;trend;['1', '4'];0.006589305680385262
trend;toward;['1', '4'];0.006589305680385262
toward;leaner;['1', '4'];0.006589305680385262
leaner;style;['1', '4'];0.006589305680385262
style;classic;['1', '4'];0.006589305680385262
classic;california;['1', '4'];0.006589305680385262
california;buttercream;['1', '4'];0.006589305680385262
buttercream;aroma;['1', '4'];0.006589305680385262
aroma;cut;['1', '4'];0.006589305680385262
cut;tart;['1', '4'];0.006589305680385262
tart;weedi;['1', '4', '34'];0.008638927482374728
weedi;appl;['1', '4'];0.006589305680385262
good;everyday;['1', '4'];0.006589305680385262
everyday;sip;['1', '4'];0.006589305680385262
sip;wine;['1', '4'];0.006589305680385262
wine;flavor;['1', '4', '47'];0.008638927482374728
flavor;rang;['1', '4'];0.006589305680385262
rang;pear;['1', '4'];0.006589305680385262
pear;bare;['1', '4'];0.006589305680385262
bare;ripefruit;['1', '4'];0.006589305680385262
ripefruit;pineappl;['1', '4'];0.006589305680385262
pineappl;prove;['1', '4'];0.006589305680385262
prove;approach;['1', '4'];0.006589305680385262
approach;distinct;['1', '4'];0.006589305680385262
zesti;zesti;['1', '5'];0.006589305680385262
zesti;peel;['1', '5'];0.006589305680385262
peel;appl;['1', '5'];0.006589305680385262
appl;note;['1', '5'];0.006589305680385262
note;abound;['1', '5'];0.006589305680385262
abound;sprightli;['1', '5'];0.006589305680385262
sprightli;inorgan;['1', '5'];0.006589305680385262
inorgan;tone;['1', '5'];0.006589305680385262
tone;riesl;['1', '5'];0.006589305680385262
dri;palat;['1', '5'];0.006589305680385262
palat;yet;['1', '5'];0.006589305680385262
yet;raci;['1', '5'];0.006589305680385262
raci;lean;['1', '5'];0.006589305680385262
lean;refresh;['1', '5'];0.006589305680385262
refresh;easi;['1', '5'];0.006589305680385262
easi;quaffer;['1', '5'];0.006589305680385262
quaffer;wide;['1', '5'];0.006589305680385262
wide;appeal;['1', '5'];0.006589305680385262
bake;darkfruit;['1', '6'];0.006589305680385262
darkfruit;molass;['1', '6'];0.006589305680385262
molass;balsam;['1', '6'];0.006589305680385262
balsam;vinegar;['1', '6'];0.006589305680385262
vinegar;cheesi;['1', '6'];0.006589305680385262
cheesi;oak;['1', '6'];0.006589305680385262
oak;aroma;['1', '6'];0.006589305680385262
aroma;feed;['1', '6'];0.006589305680385262
feed;palat;['1', '6'];0.006589305680385262
palat;brace;['1', '6'];0.006589305680385262
brace;bolt;['1', '6'];0.006589305680385262
bolt;acid;['1', '6'];0.006589305680385262
compact;set;['1', '6'];0.006589305680385262
set;sauci;['1', '6'];0.006589305680385262
sauci;red;['1', '6'];0.006589305680385262
berri;darkfruit;['1', '6'];0.006589305680385262
darkfruit;flavor;['1', '6', '44'];0.008638927482374728
flavor;featur;['1', '6'];0.006589305680385262
featur;tobacco;['1', '6'];0.006589305680385262
tobacco;pepperi;['1', '6'];0.006589305680385262
pepperi;accent;['1', '6'];0.006589305680385262
accent;finish;['1', '6'];0.006589305680385262
finish;mildli;['1', '6'];0.006589305680385262
mildli;weedi;['1', '6'];0.006589305680385262
flavor;respect;['1', '6'];0.006589305680385262
respect;weight;['1', '6'];0.006589305680385262
weight;balanc;['1', '6'];0.006589305680385262
raw;black;['1', '7'];0.006589305680385262
cherri;aroma;['1', '7'];0.006589305680385262
aroma;direct;['1', '7'];0.006589305680385262
direct;simpl;['1', '7'];0.006589305680385262
simpl;good;['1', '7'];0.006589305680385262
ripefruit;feel;['1', '7'];0.006589305680385262
feel;thicken;['1', '7'];0.006589305680385262
thicken;time;['1', '7'];0.006589305680385262
time;oak;['1', '7'];0.006589305680385262
oak;charact;['1', '7'];0.006589305680385262
charact;extract;['1', '7'];0.006589305680385262
extract;becom;['1', '7'];0.006589305680385262
becom;appar;['1', '7'];0.006589305680385262
flavor;profil;['1', '7'];0.006589305680385262
profil;driven;['1', '7'];0.006589305680385262
driven;dark;['1', '7'];0.006589305680385262
dark;berri;['1', '7', '20', '27'];0.010340751870248743
fruit;smolder;['1', '7'];0.006589305680385262
smolder;oak;['1', '7'];0.006589305680385262
oak;finish;['1', '7'];0.006589305680385262
finish;meati;['1', '7'];0.006589305680385262
meati;hot;['1', '7'];0.006589305680385262
desicc;darkfruit;['1', '8'];0.006589305680385262
darkfruit;leather;['1', '8'];0.006589305680385262
leather;char;['1', '8'];0.006589305680385262
char;wood;['1', '8'];0.006589305680385262
wood;mint;['1', '8'];0.006589305680385262
mint;aroma;['1', '8'];0.006589305680385262
aroma;carri;['1', '8', '36'];0.008638927482374728
carri;nose;['1', '8'];0.006589305680385262
nose;full;['1', '8'];0.006589305680385262
bodi;tannic;['1', '8'];0.006589305680385262
tannic;heavili;['1', '8'];0.006589305680385262
heavili;oak;['1', '8'];0.006589305680385262
oak;tinto;['1', '8'];0.006589305680385262
tinto;fino;['1', '8'];0.006589305680385262
flavor;clove;['1', '8'];0.006589305680385262
clove;woodspic;['1', '8'];0.006589305680385262
woodspic;sit;['1', '8'];0.006589305680385262
sit;top;['1', '8'];0.006589305680385262
top;darkfruit;['1', '8'];0.006589305680385262
fruit;hickori;['1', '8'];0.006589305680385262
hickori;forc;['1', '8'];0.006589305680385262
forc;oak;['1', '8'];0.006589305680385262
oak;base;['1', '8'];0.006589305680385262
base;aroma;['1', '8'];0.006589305680385262
aroma;rise;['1', '8'];0.006589305680385262
rise;domin;['1', '8'];0.006589305680385262
domin;finish;['1', '8'];0.006589305680385262
red;fruit;['1', '9'];0.006589305680385262
fruit;aroma;['1', '9'];0.006589305680385262
aroma;pervad;['1', '9'];0.006589305680385262
pervad;nose;['1', '9'];0.006589305680385262
nose;cigar;['1', '9'];0.006589305680385262
box;menthol;['1', '9'];0.006589305680385262
menthol;note;['1', '9'];0.006589305680385262
note;ride;['1', '9'];0.006589305680385262
ride;back;['1', '9'];0.006589305680385262
palat;slightli;['1', '9'];0.006589305680385262
slightli;restrain;['1', '9'];0.006589305680385262
restrain;entri;['1', '9'];0.006589305680385262
entri;open;['1', '9'];0.006589305680385262
open;riper;['1', '9'];0.006589305680385262
riper;note;['1', '9'];0.006589305680385262
note;cherri;['1', '9'];0.006589305680385262
cherri;darkfruit;['1', '9'];0.006589305680385262
darkfruit;speck;['1', '9'];0.006589305680385262
speck;crush;['1', '9'];0.006589305680385262
crush;spice;['1', '9'];0.006589305680385262
blend;merlot;['1', '9'];0.006589305680385262
merlot;cabernet;['1', '9'];0.006589305680385262
cabernet;sauvignon;['1', '9', '33'];0.008638927482374728
sauvignon;cabernet;['1', '9'];0.006589305680385262
cabernet;franc;['1', '9', '33'];0.008638927482374728
franc;approach;['1', '9'];0.006589305680385262
approach;readi;['1', '9'];0.006589305680385262
readi;enjoy;['1', '9'];0.006589305680385262
ripefruit;aroma;['2', '0'];0.006589305680385262
aroma;dark;['2', '0'];0.006589305680385262
berri;mingl;['2', '0'];0.006589305680385262
mingl;ampl;['2', '0'];0.006589305680385262
ampl;note;['2', '0'];0.006589305680385262
note;black;['2', '0'];0.006589305680385262
black;spice;['2', '0'];0.006589305680385262
spice;toast;['2', '0'];0.006589305680385262
toast;oaki;['2', '0'];0.006589305680385262
oaki;dusti;['2', '0'];0.006589305680385262
dusti;tobacco;['2', '0'];0.006589305680385262
palat;oak;['2', '0'];0.006589305680385262
driven;natur;['2', '0'];0.006589305680385262
natur;note;['2', '0'];0.006589305680385262
note;tart;['2', '0'];0.006589305680385262
tart;red;['2', '0'];0.006589305680385262
red;currant;['2', '0'];0.006589305680385262
currant;shine;['2', '0'];0.006589305680385262
shine;offer;['2', '0'];0.006589305680385262
offer;bit;['2', '0'];0.006589305680385262
bit;leviti;['2', '0'];0.006589305680385262
sleek;mix;['2', '1'];0.006589305680385262
mix;tart;['2', '1'];0.006589305680385262
tart;berri;['2', '1'];0.006589305680385262
berri;stem;['2', '1'];0.006589305680385262
stem;herb;['2', '1'];0.006589305680385262
herb;along;['2', '1'];0.006589305680385262
along;hint;['2', '1'];0.006589305680385262
hint;oak;['2', '1'];0.006589305680385262
oak;chocol;['2', '1'];0.006589305680385262
chocol;fair;['2', '1'];0.006589305680385262
fair;valu;['2', '1'];0.006589305680385262
valu;wide;['2', '1'];0.006589305680385262
wide;avail;['2', '1'];0.006589305680385262
avail;drink;['2', '1'];0.006589305680385262
drink;oregon;['2', '1'];0.006589305680385262
oregon;pinot;['2', '1'];0.006589305680385262
wine;oak;['2', '1'];0.006589305680385262
oak;age;['2', '1'];0.006589305680385262
age;six;['2', '1'];0.006589305680385262
six;month;['2', '1'];0.006589305680385262
month;whether;['2', '1'];0.006589305680385262
whether;neutral;['2', '1'];0.006589305680385262
neutral;stave;['2', '1'];0.006589305680385262
stave;indic;['2', '1'];0.006589305680385262
delic;aroma;['2', '2'];0.008008235425646154
aroma;recal;['2', '2', '27'];0.009883958520577893
recal;white;['2', '2'];0.008008235425646154
white;flower;['2', '2', '36'];0.009883958520577893
flower;citru;['2', '2'];0.008008235425646154
palat;offer;['2', '2', '26', '27', '28'];0.012925939837810931
offer;passion;['2', '2'];0.008008235425646154
passion;fruit;['2', '2', '48'];0.009883958520577893
fruit;lime;['2', '2'];0.008008235425646154
lime;white;['2', '2'];0.008008235425646154
white;peach;['2', '2'];0.008008235425646154
peach;hint;['2', '2'];0.008008235425646154
hint;inorgan;['2', '2'];0.008008235425646154
inorgan;alongsid;['2', '2'];0.008008235425646154
alongsid;spice;['2', '2'];0.008008235425646154
spice;acid;['2', '2'];0.008008235425646154
wine;geneseo;['2', '3'];0.006589305680385262
geneseo;district;['2', '3'];0.006589305680385262
district;offer;['2', '3'];0.006589305680385262
offer;aroma;['2', '3', '37'];0.008638927482374728
aroma;sour;['2', '3'];0.006589305680385262
sour;darkfruit;['2', '3'];0.006589305680385262
darkfruit;enough;['2', '3'];0.006589305680385262
enough;cigar;['2', '3'];0.006589305680385262
box;tempt;['2', '3'];0.006589305680385262
tempt;nose;['2', '3'];0.006589305680385262
flavor;bit;['2', '3'];0.006589305680385262
bit;flat;['2', '3'];0.006589305680385262
flat;first;['2', '3'];0.006589305680385262
first;acid;['2', '3'];0.006589305680385262
acid;tension;['2', '3'];0.006589305680385262
tension;sour;['2', '3'];0.006589305680385262
sour;cherri;['2', '3', '27'];0.008638927482374728
cherri;emerg;['2', '3'];0.006589305680385262
emerg;midpal;['2', '3'];0.006589305680385262
midpal;bolster;['2', '3'];0.006589305680385262
bolster;black;['2', '3'];0.006589305680385262
black;licoric;['2', '3'];0.006589305680385262
aroma;prune;['2', '4'];0.006589305680385262
prune;darkfruit;['2', '4'];0.006589305680385262
darkfruit;toast;['2', '4'];0.006589305680385262
toast;oak;['2', '4', '26'];0.008638927482374728
oak;carri;['2', '4'];0.006589305680385262
carri;extract;['2', '4'];0.006589305680385262
extract;palat;['2', '4'];0.006589305680385262
palat;along;['2', '4'];0.006589305680385262
along;flavor;['2', '4'];0.006589305680385262
flavor;black;['2', '4'];0.006589305680385262
cherri;roast;['2', '4'];0.006589305680385262
firm;dri;['2', '4'];0.006589305680385262
tannin;provid;['2', '4'];0.006589305680385262
provid;framework;['2', '4'];0.006589305680385262
oak;earth;['2', '5'];0.006589305680385262
earth;intermingl;['2', '5'];0.006589305680385262
intermingl;around;['2', '5'];0.006589305680385262
around;robust;['2', '5'];0.006589305680385262
robust;aroma;['2', '5'];0.006589305680385262
aroma;wet;['2', '5'];0.006589305680385262
wet;forest;['2', '5'];0.006589305680385262
forest;floor;['2', '5'];0.006589305680385262
floor;vineyard;['2', '5'];0.006589305680385262
vineyard;design;['2', '5', '35'];0.008638927482374728
design;pinot;['2', '5'];0.006589305680385262
pinot;hail;['2', '5'];0.006589305680385262
hail;high;['2', '5'];0.006589305680385262
high;elev;['2', '5'];0.006589305680385262
elev;site;['2', '5'];0.006589305680385262
small;product;['2', '5'];0.006589305680385262
product;offer;['2', '5'];0.006589305680385262
offer;intens;['2', '5'];0.006589305680385262
intens;full;['2', '5'];0.006589305680385262
bodi;raspberri;['2', '5'];0.006589305680385262
raspberri;darkfruit;['2', '5', '44'];0.008638927482374728
darkfruit;steep;['2', '5'];0.006589305680385262
steep;oaki;['2', '5'];0.006589305680385262
oaki;spice;['2', '5'];0.006589305680385262
spice;smooth;['2', '5'];0.006589305680385262
smooth;textur;['2', '5'];0.006589305680385262
pretti;aroma;['2', '6'];0.006589305680385262
aroma;yellow;['2', '6'];0.006589305680385262
yellow;flower;['2', '6'];0.006589305680385262
flower;stone;['2', '6'];0.006589305680385262
stone;fruit;['2', '6'];0.006589305680385262
fruit;lead;['2', '6'];0.006589305680385262
lead;nose;['2', '6'];0.006589305680385262
spice;palat;['2', '6'];0.006589305680385262
offer;yellow;['2', '6'];0.006589305680385262
yellow;appl;['2', '6'];0.006589305680385262
appl;ripefruit;['2', '6'];0.006589305680385262
ripefruit;oaki;['2', '6'];0.006589305680385262
oaki;delic;['2', '6'];0.006589305680385262
delic;note;['2', '6'];0.006589305680385262
note;lightli;['2', '6'];0.006589305680385262
lightli;toast;['2', '6'];0.006589305680385262
oak;alongsid;['2', '6'];0.006589305680385262
alongsid;crisp;['2', '6'];0.006589305680385262
recal;ripefruit;['2', '7'];0.006589305680385262
ripefruit;dark;['2', '7'];0.006589305680385262
berri;toast;['2', '7'];0.006589305680385262
toast;whiff;['2', '7'];0.006589305680385262
whiff;cake;['2', '7'];0.006589305680385262
cake;spice;['2', '7'];0.006589305680385262
soft;inform;['2', '7'];0.006589305680385262
inform;palat;['2', '7'];0.006589305680385262
offer;sour;['2', '7'];0.006589305680385262
cherri;oaki;['2', '7'];0.006589305680385262
oaki;hint;['2', '7'];0.006589305680385262
hint;espresso;['2', '7'];0.006589305680385262
espresso;alongsid;['2', '7'];0.006589305680385262
alongsid;round;['2', '7'];0.006589305680385262
round;tannin;['2', '7'];0.006589305680385262
drink;soon;['2', '7'];0.006589305680385262
aroma;suggest;['2', '8'];0.006589305680385262
suggest;matur;['2', '8'];0.006589305680385262
matur;berri;['2', '8'];0.006589305680385262
berri;scorch;['2', '8'];0.006589305680385262
scorch;earth;['2', '8'];0.006589305680385262
earth;anim;['2', '8'];0.006589305680385262
anim;toast;['2', '8'];0.006589305680385262
toast;anis;['2', '8'];0.006589305680385262
offer;ripefruit;['2', '8'];0.006589305680385262
ripefruit;black;['2', '8'];0.006589305680385262
black;berri;['2', '8'];0.006589305680385262
berri;oak;['2', '8'];0.006589305680385262
oak;espresso;['2', '8'];0.006589305680385262
oaki;alongsid;['2', '8'];0.006589305680385262
alongsid;dusti;['2', '8'];0.006589305680385262
dusti;tannin;['2', '8'];0.006589305680385262
clarksburg;becom;['2', '9'];0.006589305680385262
becom;chenin;['2', '9'];0.006589305680385262
chenin;blanc;['2', '9'];0.006589305680385262
blanc;california;['2', '9'];0.006589305680385262
bottl;use;['2', '9'];0.006589305680385262
use;fruit;['2', '9'];0.006589305680385262
fruit;sourc;['2', '9'];0.006589305680385262
sourc;sever;['2', '9'];0.006589305680385262
sever;vineyard;['2', '9'];0.006589305680385262
vineyard;area;['2', '9'];0.006589305680385262
area;balanc;['2', '9'];0.006589305680385262
balanc;trace;['2', '9'];0.006589305680385262
trace;sweet;['2', '9'];0.006589305680385262
sweet;background;['2', '9'];0.006589305680385262
background;residu;['2', '9'];0.006589305680385262
residu;sugar;['2', '9'];0.006589305680385262
crisp;straightforward;['2', '9'];0.006589305680385262
straightforward;bless;['2', '9'];0.006589305680385262
bless;note;['2', '9'];0.006589305680385262
note;pear;['2', '9'];0.006589305680385262
pear;lime;['2', '9'];0.006589305680385262
drink;cold;['2', '9'];0.006589305680385262
red;cherri;['3', '0', '49'];0.008638927482374728
cherri;fruit;['3', '0', '49'];0.008638927482374728
fruit;come;['3', '0'];0.006589305680385262
come;lace;['3', '0'];0.006589305680385262
lace;light;['3', '0'];0.006589305680385262
light;tannin;['3', '0'];0.006589305680385262
give;spice;['3', '0'];0.006589305680385262
spice;wine;['3', '0'];0.006589305680385262
wine;open;['3', '0'];0.006589305680385262
open;ripefruit;['3', '0'];0.006589305680385262
ripefruit;charact;['3', '0'];0.006589305680385262
merlot;nero;['3', '1'];0.006589305680385262
nero;avola;['3', '1'];0.006589305680385262
avola;form;['3', '1'];0.006589305680385262
form;base;['3', '1'];0.006589305680385262
base;easi;['3', '1'];0.006589305680385262
easi;red;['3', '1'];0.006589305680385262
red;wine;['3', '1'];0.006589305680385262
wine;would;['3', '1'];0.006589305680385262
would;pair;['3', '1', '46'];0.008638927482374728
pair;fettuccin;['3', '1'];0.006589305680385262
fettuccin;meat;['3', '1'];0.006589305680385262
meat;sauc;['3', '1'];0.006589305680385262
sauc;pork;['3', '1'];0.006589305680385262
pork;roast;['3', '1'];0.006589305680385262
qualiti;fruit;['3', '1', '39'];0.008638927482374728
fruit;clean;['3', '1'];0.006589305680385262
clean;spice;['3', '1'];0.006589305680385262
spice;sharp;['3', '1'];0.006589305680385262
part;extend;['3', '2'];0.006589305680385262
extend;calan;['3', '2'];0.006589305680385262
calan;ca;['3', '2'];0.006589305680385262
ca;seri;['3', '2'];0.006589305680385262
seri;grillo;['3', '2'];0.006589305680385262
grillo;viognier;['3', '2'];0.006589305680385262
viognier;blend;['3', '2'];0.006589305680385262
blend;show;['3', '2'];0.006589305680385262
show;aroma;['3', '2'];0.006589305680385262
aroma;honeysuckl;['3', '2'];0.006589305680385262
honeysuckl;jasmin;['3', '2'];0.006589305680385262
jasmin;back;['3', '2'];0.006589305680385262
back;touch;['3', '2'];0.006589305680385262
touch;cut;['3', '2'];0.006589305680385262
cut;weedi;['3', '2'];0.006589305680385262
weedi;wild;['3', '2'];0.006589305680385262
wild;weedi;['3', '2'];0.006589305680385262
mouth;show;['3', '2'];0.006589305680385262
show;ripefruit;['3', '2'];0.006589305680385262
ripefruit;yellow;['3', '2'];0.006589305680385262
yellow;fruit;['3', '2'];0.006589305680385262
fruit;flavor;['3', '2', '43'];0.008638927482374728
rustic;dri;['3', '3'];0.008008235425646154
dri;flavor;['3', '3'];0.008008235425646154
flavor;berri;['3', '3'];0.008008235425646154
berri;currant;['3', '3'];0.008008235425646154
currant;licoric;['3', '3'];0.008008235425646154
licoric;spice;['3', '3'];0.008008235425646154
made;cabernet;['3', '3'];0.008008235425646154
franc;cabernet;['3', '3'];0.008008235425646154
show;tart;['3', '4'];0.006589305680385262
weedi;gooseberri;['3', '4', '48'];0.008638927482374728
gooseberri;flavor;['3', '4', '48'];0.008638927482374728
flavor;similar;['3', '4'];0.006589305680385262
similar;new;['3', '4'];0.006589305680385262
new;zealand;['3', '4', '48'];0.008638927482374728
zealand;sauvignon;['3', '4'];0.006589305680385262
sauvignon;blanc;['3', '4', '43', '48'];0.010340751870248743
note;includ;['3', '4'];0.006589305680385262
fruit;zesti;['3', '4'];0.006589305680385262
zesti;honey;['3', '4', '47'];0.008638927482374728
unoak;splash;['3', '4'];0.006589305680385262
splash;muscat;['3', '4'];0.006589305680385262
muscat;commend;['3', '4'];0.006589305680385262
commend;dryness;['3', '4'];0.006589305680385262
dryness;acid;['3', '4'];0.006589305680385262
mani;erath;['3', '5'];0.006589305680385262
erath;vineyard;['3', '5'];0.006589305680385262
design;strongli;['3', '5'];0.006589305680385262
strongli;weedi;['3', '5'];0.006589305680385262
note;leaf;['3', '5'];0.006589305680385262
leaf;herb;['3', '5'];0.006589305680385262
herb;creat;['3', '5'];0.006589305680385262
creat;somewhat;['3', '5'];0.006589305680385262
somewhat;unrip;['3', '5'];0.006589305680385262
unrip;flavor;['3', '5'];0.006589305680385262
flavor;impress;['3', '5'];0.006589305680385262
impress;touch;['3', '5'];0.006589305680385262
touch;tannin;['3', '5', '41'];0.008638927482374728
tannin;finish;['3', '5'];0.006589305680385262
fruit;pass;['3', '5'];0.006589305680385262
pass;ripefruit;['3', '5'];0.006589305680385262
ripefruit;sweet;['3', '5'];0.006589305680385262
sweet;tomato;['3', '5'];0.006589305680385262
flower;lyche;['3', '6'];0.006589305680385262
lyche;appl;['3', '6'];0.006589305680385262
appl;aroma;['3', '6'];0.006589305680385262
carri;mellow;['3', '6'];0.006589305680385262
mellow;bouquet;['3', '6'];0.006589305680385262
chunki;feel;['3', '6'];0.006589305680385262
feel;palat;['3', '6'];0.006589305680385262
palat;bear;['3', '6'];0.006589305680385262
bear;powderi;['3', '6'];0.006589305680385262
powderi;sweet;['3', '6'];0.006589305680385262
sweet;flavor;['3', '6'];0.006589305680385262
flavor;peach;['3', '6'];0.006589305680385262
peach;melon;['3', '6'];0.006589305680385262
melon;mix;['3', '6'];0.006589305680385262
mix;greener;['3', '6'];0.006589305680385262
greener;note;['3', '6'];0.006589305680385262
note;weedi;['3', '6'];0.006589305680385262
weedi;lime;['3', '6'];0.006589305680385262
viognier;compon;['3', '6'];0.006589305680385262
compon;typic;['3', '6'];0.006589305680385262
typic;warm;['3', '6'];0.006589305680385262
warm;climat;['3', '6'];0.006589305680385262
climat;plump;['3', '6'];0.006589305680385262
plump;inorgan;['3', '6'];0.006589305680385262
inorgan;short;['3', '6'];0.006589305680385262
short;finish;['3', '6'];0.006589305680385262
chardonnay;fill;['3', '6'];0.006589305680385262
fill;blend;['3', '6'];0.006589305680385262
concentr;cabernet;['3', '7'];0.006589305680385262
cabernet;offer;['3', '7'];0.006589305680385262
aroma;cure;['3', '7'];0.006589305680385262
cure;meat;['3', '7'];0.006589305680385262
meat;dri;['3', '7'];0.006589305680385262
dri;fruit;['3', '7'];0.006589305680385262
fruit;weedi;['3', '7'];0.006589305680385262
barbecu;spice;['3', '7'];0.006589305680385262
spice;teriyaki;['3', '7'];0.006589305680385262
teriyaki;sauc;['3', '7'];0.006589305680385262
sauc;flavor;['3', '7'];0.006589305680385262
flavor;give;['3', '7'];0.006589305680385262
give;wine;['3', '7'];0.006589305680385262
wine;bold;['3', '7'];0.006589305680385262
bold;chewi;['3', '7'];0.006589305680385262
chewi;feel;['3', '7'];0.006589305680385262
inki;color;['3', '8'];0.006589305680385262
color;wine;['3', '8'];0.006589305680385262
wine;plump;['3', '8'];0.006589305680385262
plump;aroma;['3', '8'];0.006589305680385262
aroma;ripefruit;['3', '8'];0.006589305680385262
ripefruit;fruit;['3', '8', '42'];0.008638927482374728
fruit;darkfruit;['3', '8'];0.006589305680385262
darkfruit;ripefruit;['3', '8'];0.006589305680385262
ripefruit;rum;['3', '8'];0.006589305680385262
rum;cake;['3', '8'];0.006589305680385262
palat;soft;['3', '8'];0.006589305680385262
soft;smooth;['3', '8'];0.006589305680385262
part;natur;['3', '9'];0.006589305680385262
natur;wine;['3', '9'];0.006589305680385262
wine;movement;['3', '9'];0.006589305680385262
movement;wine;['3', '9'];0.006589305680385262
wine;made;['3', '9'];0.006589305680385262
made;organ;['3', '9'];0.006589305680385262
organ;grape;['3', '9'];0.006589305680385262
grape;label;['3', '9'];0.006589305680385262
label;print;['3', '9'];0.006589305680385262
print;weedi;['3', '9'];0.006589305680385262
weedi;ink;['3', '9'];0.006589305680385262
ink;recycl;['3', '9'];0.006589305680385262
recycl;paper;['3', '9'];0.006589305680385262
fruit;nice;['3', '9'];0.006589305680385262
nice;ripefruit;['3', '9'];0.006589305680385262
ripefruit;palat;['3', '9'];0.006589305680385262
palat;spice;['3', '9'];0.006589305680385262
spice;berri;['3', '9'];0.006589305680385262
berri;flavor;['3', '9', '41', '42'];0.010340751870248743
flavor;finish;['3', '9'];0.006589305680385262
catarratto;one;['4', '0'];0.006589305680385262
one;sicili;['4', '0'];0.006589305680385262
sicili;wide;['4', '0'];0.006589305680385262
wide;farm;['4', '0'];0.006589305680385262
farm;white;['4', '0'];0.006589305680385262
white;grape;['4', '0'];0.006589305680385262
grape;varieti;['4', '0'];0.006589305680385262
express;show;['4', '0'];0.006589305680385262
show;inorgan;['4', '0'];0.006589305680385262
inorgan;note;['4', '0'];0.006589305680385262
note;back;['4', '0'];0.006589305680385262
back;citru;['4', '0'];0.006589305680385262
citru;nut;['4', '0'];0.006589305680385262
nut;blossom;['4', '0'];0.006589305680385262
blossom;touch;['4', '0'];0.006589305680385262
stiff;tannic;['4', '1'];0.006589305680385262
tannic;wine;['4', '1'];0.006589305680385262
wine;slowli;['4', '1'];0.006589305680385262
slowli;open;['4', '1'];0.006589305680385262
open;bring;['4', '1'];0.006589305680385262
bring;brambl;['4', '1'];0.006589305680385262
brambl;berri;['4', '1'];0.006589305680385262
flavor;play;['4', '1'];0.006589305680385262
play;along;['4', '1'];0.006589305680385262
along;note;['4', '1'];0.006589305680385262
note;earthi;['4', '1'];0.006589305680385262
earthi;herb;['4', '1'];0.006589305680385262
tannin;tannin;['4', '1'];0.006589305680385262
festiv;wine;['4', '2'];0.006589305680385262
wine;soft;['4', '2'];0.006589305680385262
soft;ripefruit;['4', '2'];0.006589305680385262
fruit;acid;['4', '2'];0.006589305680385262
acid;plu;['4', '2'];0.006589305680385262
plu;red;['4', '2'];0.006589305680385262
clean;brisk;['4', '3'];0.006589305680385262
brisk;mouthfeel;['4', '3'];0.006589305680385262
mouthfeel;give;['4', '3'];0.006589305680385262
give;slightli;['4', '3'];0.006589305680385262
slightli;oak;['4', '3'];0.006589305680385262
oak;sauvignon;['4', '3'];0.006589305680385262
blanc;instant;['4', '3'];0.006589305680385262
instant;likeabl;['4', '3'];0.006589305680385262
dri;rich;['4', '3'];0.006589305680385262
rich;streak;['4', '3'];0.006589305680385262
streak;honey;['4', '3'];0.006589305680385262
honey;sweeten;['4', '3'];0.006589305680385262
sweeten;citru;['4', '3'];0.006589305680385262
citru;pear;['4', '3'];0.006589305680385262
pear;tropic;['4', '3'];0.006589305680385262
pair;asian;['4', '3'];0.006589305680385262
asian;fare;['4', '3'];0.006589305680385262
fare;ham;['4', '3'];0.006589305680385262
ham;weedi;['4', '3'];0.006589305680385262
weedi;salad;['4', '3'];0.006589305680385262
salad;grapefruit;['4', '3'];0.006589305680385262
grapefruit;section;['4', '3'];0.006589305680385262
berri;aroma;['4', '4'];0.008008235425646154
aroma;come;['4', '4'];0.008008235425646154
come;cola;['4', '4'];0.008008235425646154
cola;herb;['4', '4'];0.008008235425646154
herb;note;['4', '4'];0.008008235425646154
palat;tangi;['4', '4'];0.008008235425646154
tangi;raci;['4', '4'];0.008008235425646154
raci;deliv;['4', '4'];0.008008235425646154
deliv;raspberri;['4', '4'];0.008008235425646154
flavor;modest;['4', '4'];0.008008235425646154
modest;finish;['4', '4'];0.008008235425646154
right;start;['4', '5'];0.006589305680385262
start;block;['4', '5'];0.006589305680385262
block;oaki;['4', '5'];0.006589305680385262
oaki;wine;['4', '5'];0.006589305680385262
wine;drip;['4', '5'];0.006589305680385262
drip;oaki;['4', '5'];0.006589305680385262
oaki;note;['4', '5'];0.006589305680385262
textur;midpal;['4', '5'];0.006589305680385262
midpal;finess;['4', '5'];0.006589305680385262
finess;grace;['4', '5'];0.006589305680385262
grace;dri;['4', '5'];0.006589305680385262
tannin;latch;['4', '5'];0.006589305680385262
latch;onto;['4', '5'];0.006589305680385262
onto;oak;['4', '5'];0.006589305680385262
driven;finish;['4', '5'];0.006589305680385262
eccentr;blend;['4', '5'];0.006589305680385262
blend;tannat;['4', '5'];0.006589305680385262
tannat;petit;['4', '5'];0.006589305680385262
petit;verdot;['4', '5'];0.006589305680385262
verdot;pinotag;['4', '5'];0.006589305680385262
spice;fresh;['4', '6'];0.006589305680385262
fresh;clean;['4', '6'];0.006589305680385262
clean;would;['4', '6'];0.006589305680385262
pair;fri;['4', '6'];0.006589305680385262
fri;seafood;['4', '6'];0.006589305680385262
seafood;spaghetti;['4', '6'];0.006589305680385262
spaghetti;con;['4', '6'];0.006589305680385262
con;vongol;['4', '6'];0.006589305680385262
offer;pretti;['4', '6'];0.006589305680385262
pretti;citru;['4', '6'];0.006589305680385262
citru;tone;['4', '6'];0.006589305680385262
tone;follow;['4', '6'];0.006589305680385262
follow;dri;['4', '6'];0.006589305680385262
dri;inorgan;['4', '6'];0.006589305680385262
inorgan;nuanc;['4', '6'];0.006589305680385262
sweet;wine;['4', '7'];0.006589305680385262
flavor;white;['4', '7'];0.006589305680385262
white;sugar;['4', '7'];0.006589305680385262
sugar;zesti;['4', '7'];0.006589305680385262
honey;oaki;['4', '7'];0.006589305680385262
oaki;brighten;['4', '7'];0.006589305680385262
brighten;crisp;['4', '7'];0.006589305680385262
bottl;resembl;['4', '8'];0.006589305680385262
resembl;new;['4', '8'];0.006589305680385262
zealand;paradigm;['4', '8'];0.006589305680385262
paradigm;sauvignon;['4', '8'];0.006589305680385262
blanc;bear;['4', '8'];0.006589305680385262
bear;aroma;['4', '8'];0.006589305680385262
aroma;grapefruit;['4', '8'];0.006589305680385262
grapefruit;passion;['4', '8'];0.006589305680385262
fruit;kiwi;['4', '8'];0.006589305680385262
kiwi;sprinkl;['4', '8'];0.006589305680385262
sprinkl;graham;['4', '8'];0.006589305680385262
graham;cracker;['4', '8'];0.006589305680385262
cracker;add;['4', '8'];0.006589305680385262
add;interest;['4', '8'];0.006589305680385262
wine;hit;['4', '8'];0.006589305680385262
hit;palat;['4', '8'];0.006589305680385262
palat;like;['4', '8'];0.006589305680385262
like;fleshi;['4', '8'];0.006589305680385262
fleshi;fist;['4', '8'];0.006589305680385262
fist;intens;['4', '8'];0.006589305680385262
intens;weedi;['4', '8'];0.006589305680385262
flavor;provid;['4', '8'];0.006589305680385262
provid;plenti;['4', '8'];0.006589305680385262
plenti;punch;['4', '8'];0.006589305680385262
pair;ripefruit;['4', '8'];0.006589305680385262
ripefruit;glaze;['4', '8'];0.006589305680385262
glaze;roast;['4', '8'];0.006589305680385262
roast;chicken;['4', '8'];0.006589305680385262
soft;fruiti;['4', '9'];0.006589305680385262
fruiti;gener;['4', '9'];0.006589305680385262
gener;ripefruit;['4', '9'];0.006589305680385262
ripefruit;wine;['4', '9'];0.006589305680385262
wine;full;['4', '9'];0.006589305680385262
full;ripefruit;['4', '9'];0.006589305680385262
fruit;gentl;['4', '9'];0.006589305680385262
gentl;tannin;['4', '9'];0.006589305680385262
rich;give;['4', '9'];0.006589305680385262
give;sweet;['4', '9'];0.006589305680385262
sweet;charact;['4', '9'];0.006589305680385262
charact;open;['4', '9'];0.006589305680385262
open;readi;['4', '9'];0.006589305680385262
readi;drink;['4', '9'];0.006589305680385262
drink;wine;['4', '9'];0.006589305680385262
